Notification Date,Region,Client Name,Client Address 1,Client Address 2,Client Address 3,Client City,Client Province,Client Postal Code,Client Contact Name,Client Contact Phone,Jursidiction Code,Application Number,Species Enduse,Product Type,Product Location,Exemption Application Volume,Average Log Volume,Agent Name,Agent Phone,Agent Contact Name,Package Number,Package Volume,Age Class,Average Length,Average Diameter
2016-10-12,West Coast Natural Resource Region,WESTERN FOREST PRODUCTS INC.,201 495 DUNSMUIR STREET,,,NANAIMO,BC,V9R6B9,WFP EXPORT TEAM WFP,2507344700,P,173935,FI / Gang,Harvested Timber,ALBERNI CANAL C/O ABSEA TOWING,1009.9,0.5,,,,SR109-16-003,1009.9,S,10.2,9.9
2016-10-12,West Coast Natural Resource Region,WESTERN FOREST PRODUCTS INC.,201 495 DUNSMUIR STREET,,,NANAIMO,BC,V9R6B9,WFP EXPORT TEAM WFP,2507344700,P,173936,BA / HE / Sawlog,Harvested Timber,ZEBALLOS,1011.2,1.7,,,,ZB206-16-012,1011.2,O,10.1,20.3
2016-10-12,West Coast Natural Resource Region,WESTERN FOREST PRODUCTS INC.,201 495 DUNSMUIR STREET,,,NANAIMO,BC,V9R6B9,WFP EXPORT TEAM WFP,2507344700,P,173926,BA / HE / Sawlog,Harvested Timber,MUCHALAT TIE UP / GOLD RIVER,739.2,1.7,,,,GR206-16-042,739.2,O,10.7,19.3
2016-10-12,West Coast Natural Resource Region,WESTERN FOREST PRODUCTS INC.,201 495 DUNSMUIR STREET,,,NANAIMO,BC,V9R6B9,WFP EXPORT TEAM WFP,2507344700,P,173927,BA / HE / Sawlog,Harvested Timber,LYONS BAY/QUATSINO SOUND,682.7,1.4,,,,QD206-16-068,682.7,O,11.1,17.6
2016-10-12,West Coast Natural Resource Region,WESTERN FOREST PRODUCTS INC.,201 495 DUNSMUIR STREET,,,NANAIMO,BC,V9R6B9,WFP EXPORT TEAM WFP,2507344700,P,173928,BA / HE / Gang,Harvested Timber,LYONS BAY/QUATSINO SOUND,643.7,0.8,,,,QD207-16-114,643.7,O,10.8,12.8
2016-10-12,West Coast Natural Resource Region,WESTERN FOREST PRODUCTS INC.,201 495 DUNSMUIR STREET,,,NANAIMO,BC,V9R6B9,WFP EXPORT TEAM WFP,2507344700,P,173929,SP / Sawlog,Harvested Timber,LYONS BAY/QUATSINO SOUND,383,1.7,,,,QD604-16-008,383,O,11.6,19.1
2016-10-12,West Coast Natural Resource Region,CRIBCO FOREST PRODUCTS LIMITED PARTNERSHIP,1400 WEIWAIKUM  ROAD,,,CAMPBELL RIVER,BC,V9W5W8,CRIBCO FOREST PRODUCTS LTD.,2502866949,P,173909,BA / HE / Sawlog,Harvested Timber,Blind Bay C/O Thunder Bay Tugs,680.4,1.5,0967625 B.C. LTD.,6048130779,Log Sales,CRIB-16-10,680.4,S,11.7,18
2016-10-12,West Coast Natural Resource Region,WESTERN FOREST PRODUCTS INC.,201 495 DUNSMUIR STREET,,,NANAIMO,BC,V9R6B9,WFP EXPORT TEAM WFP,2507344700,P,174030,HE / Sawlog,Harvested Timber,LYONS BAY/QUATSINO SOUND,706.3,1.3,,,,QD204-16-006,706.3,O,11.3,17.1
2016-10-12,West Coast Natural Resource Region,WESTERN FOREST PRODUCTS INC.,201 495 DUNSMUIR STREET,,,NANAIMO,BC,V9R6B9,WFP EXPORT TEAM WFP,2507344700,P,174031,BA / HE / Gang,Harvested Timber,LYONS BAY/QUATSINO SOUND,619.6,0.8,,,,QD207-16-115,619.6,O,11.2,12.8
2016-10-12,West Coast Natural Resource Region,WESTERN FOREST PRODUCTS INC.,201 495 DUNSMUIR STREET,,,NANAIMO,BC,V9R6B9,WFP EXPORT TEAM WFP,2507344700,P,174032,BA / HE / Chip and Saw,Harvested Timber,LYONS BAY/QUATSINO SOUND,689.6,0.4,,,,QD210-16-006,689.6,O,11.4,8.9
2016-10-12,West Coast Natural Resource Region,WESTERN FOREST PRODUCTS INC.,201 495 DUNSMUIR STREET,,,NANAIMO,BC,V9R6B9,WFP EXPORT TEAM WFP,2507344700,P,174033,BA / HE / Chip and Saw,Harvested Timber,LYONS BAY/QUATSINO SOUND,300.6,0.4,,,,QD212-16-023,300.6,O,11.3,9.3
2016-10-12,South Coast Natural Resource Region,INTERFOR CORPORATION,"SUITE 1600-4720 KINGSWAY, METROTOWER II",,,BURNABY,BC,V5H4N2,Cheryl Heinzl,6044223428,P,174034,HE / Sawlog,Harvested Timber,PORT ALBERNI c/o AB Sea Towing,227.6,5.3,,,,ICC16-19,227.6,S,9.7,39
2016-10-12,South Coast Natural Resource Region,S.A. MOWAT LIMITED,103-304 COLUMBIA STREET,,,NEW WESTMINSTER,BC,V3L1A6,SUE COXE,6045496661,P,173911,BA / HE / Sawlog,Harvested Timber,SQUAMISH MILLS,445.9,1.6,,,,MS-16-172,445.9,O,9.8,19.7
2016-10-12,South Coast Natural Resource Region,INTERFOR CORPORATION,"SUITE 1600-4720 KINGSWAY, METROTOWER II",,,BURNABY,BC,V5H4N2,Cheryl Heinzl,6044223428,P,174001,HE / Chip and Saw,Harvested Timber,HS AVALON c/o Active Marine,307,0.4,,,,AVA16-927,307,S,9.8,8.7
2016-10-12,South Coast Natural Resource Region,INTERFOR CORPORATION,"SUITE 1600-4720 KINGSWAY, METROTOWER II",,,BURNABY,BC,V5H4N2,Cheryl Heinzl,6044223428,P,174002,BA / HE / Sawlog,Harvested Timber,HS AVALON c/o Active Marine,689,1.6,,,,AVA16-928,689,S,10.2,19.1
2016-10-12,South Coast Natural Resource Region,INTERFOR CORPORATION,"SUITE 1600-4720 KINGSWAY, METROTOWER II",,,BURNABY,BC,V5H4N2,Cheryl Heinzl,6044223428,P,174003,BA / HE / Utility,Harvested Timber,HS AVALON c/o Active Marine,475.5,0.4,,,,AVA16-932,475.5,S,8.3,8.8
2016-10-12,South Coast Natural Resource Region,INTERFOR CORPORATION,"SUITE 1600-4720 KINGSWAY, METROTOWER II",,,BURNABY,BC,V5H4N2,Cheryl Heinzl,6044223428,P,174004,BA / HE / Sawlog,Harvested Timber,HS AVALON c/o Active Marine,674.3,1.5,,,,AVA16-939,674.3,S,10.8,18
2016-10-12,South Coast Natural Resource Region,INTERFOR CORPORATION,"SUITE 1600-4720 KINGSWAY, METROTOWER II",,,BURNABY,BC,V5H4N2,Cheryl Heinzl,6044223428,P,174005,HE / Chip and Saw,Harvested Timber,HS AVALON c/o Active Marine,362.8,0.4,,,,AVA16-949,362.8,S,9.9,8.7
2016-10-12,South Coast Natural Resource Region,A & A TRADING LTD.,1210 1111 MELVILLE ST,,,VANCOUVER,BC,V6E3V6,Sean Rostamian,6046842107,P,174006,BA / HE / Sawlog,Harvested Timber,In Transit to Fraser River c/o Harken,1364,1.8,,,,AABI-16-09,1364,S,11.3,19.6
2016-10-12,South Coast Natural Resource Region,A & A TRADING LTD.,1210 1111 MELVILLE ST,,,VANCOUVER,BC,V6E3V6,Sean Rostamian,6046842107,P,174007,SP / Sawlog,Harvested Timber,In Transit to Fraser River c/o Harken,613.7,1.8,,,,AABI-16-11,613.7,S,11,20.1
2016-10-12,South Coast Natural Resource Region,A & A TRADING LTD.,1210 1111 MELVILLE ST,,,VANCOUVER,BC,V6E3V6,Sean Rostamian,6046842107,P,174008,SP / Sawlog,Harvested Timber,In Transit to Fraser River c/o Harken,379.2,4,,,,AABI-16-14,379.2,S,10.9,30.9
2016-10-12,South Coast Natural Resource Region,INTERFOR CORPORATION,"SUITE 1600-4720 KINGSWAY, METROTOWER II",,,BURNABY,BC,V5H4N2,Cheryl Heinzl,6044223428,P,174009,BA / HE / Utility,Harvested Timber,HS AVALON c/o Active Marine,435.4,0.5,,,,AVA16-943,435.4,S,6.6,13.5
2016-10-12,South Coast Natural Resource Region,INTERFOR CORPORATION,"SUITE 1600-4720 KINGSWAY, METROTOWER II",,,BURNABY,BC,V5H4N2,Cheryl Heinzl,6044223428,P,174010,BA / HE / Sawlog,Harvested Timber,HS AVALON c/o Active Marine,397,1.4,,,,AVA16-944,397,S,10.8,17.8
2016-10-12,South Coast Natural Resource Region,INTERFOR CORPORATION,"SUITE 1600-4720 KINGSWAY, METROTOWER II",,,BURNABY,BC,V5H4N2,Cheryl Heinzl,6044223428,P,174011,BA / HE / Chip and Saw,Harvested Timber,HS AVALON c/o Active Marine,207.2,0.4,,,,AVA16-945,207.2,S,9.9,8.8
2016-10-12,South Coast Natural Resource Region,A & A TRADING LTD.,1210 1111 MELVILLE ST,,,VANCOUVER,BC,V6E3V6,Sean Rostamian,6046842107,P,174012,SP / Sawlog,Harvested Timber,In Transit to Fraser River c/o Harken,564.6,4,,,,AABI-16*10,564.6,S,11.2,31
2016-10-12,South Coast Natural Resource Region,A & A TRADING LTD.,1210 1111 MELVILLE ST,,,VANCOUVER,BC,V6E3V6,Sean Rostamian,6046842107,P,174013,SP / Sawlog,Harvested Timber,In Transit to Fraser River c/o Harken,464.4,1.8,,,,AABI-16-15,464.4,S,11,19.6
2016-10-12,South Coast Natural Resource Region,A & A TRADING LTD.,1210 1111 MELVILLE ST,,,VANCOUVER,BC,V6E3V6,Sean Rostamian,6046842107,P,174014,SP / Gang,Harvested Timber,In Transit to Fraser River c/o Harken,1597.9,0.6,,,,AABI-16-16,1597.9,S,10.3,10.9
2016-10-12,South Coast Natural Resource Region,A & A TRADING LTD.,1210 1111 MELVILLE ST,,,VANCOUVER,BC,V6E3V6,Sean Rostamian,6046842107,P,174015,HE / Gang,Harvested Timber,In Transit to Fraser River c/o Harken,812.5,0.6,,,,AABI-16-18,812.5,S,10.2,10.6
2016-10-12,South Coast Natural Resource Region,A & A TRADING LTD.,1210 1111 MELVILLE ST,,,VANCOUVER,BC,V6E3V6,Sean Rostamian,6046842107,P,174016,FI / Sawlog,Harvested Timber,In Transit to Fraser River c/o Harken,299.3,1.6,,,,AABI-16-23,299.3,S,9.8,19.9
2016-10-12,South Coast Natural Resource Region,A & A TRADING LTD.,1210 1111 MELVILLE ST,,,VANCOUVER,BC,V6E3V6,Sean Rostamian,6046842107,P,174017,FI / Sawlog,Harvested Timber,In Transit to Fraser River c/o Harken,143.7,2.5,,,,AABI-16-24,143.7,S,10.3,24.7
2016-10-12,South Coast Natural Resource Region,A & A TRADING LTD.,1210 1111 MELVILLE ST,,,VANCOUVER,BC,V6E3V6,Sean Rostamian,6046842107,P,174018,HE / Sawlog,Harvested Timber,In Transit to Fraser River c/o Harken,308.4,1.6,,,,AABI-16-25,308.4,S,11.1,18.6
2016-10-12,South Coast Natural Resource Region,A & A TRADING LTD.,1210 1111 MELVILLE ST,,,VANCOUVER,BC,V6E3V6,Sean Rostamian,6046842107,P,174019,CO / Sawlog,Harvested Timber,Potato Point - Bute Inlet,1050.3,1.3,,,,BI-16-18,1050.3,S,10,17.2
2016-10-12,South Coast Natural Resource Region,A & A TRADING LTD.,1210 1111 MELVILLE ST,,,VANCOUVER,BC,V6E3V6,Sean Rostamian,6046842107,P,174020,CO / Sawlog,Harvested Timber,Potato Point - Bute Inlet,1051.2,1.4,,,,BI-16-19,1051.2,S,10.7,17
2016-10-12,South Coast Natural Resource Region,INTERFOR CORPORATION,"SUITE 1600-4720 KINGSWAY, METROTOWER II",,,BURNABY,BC,V5H4N2,Cheryl Heinzl,6044223428,P,174021,BA / HE / Gang,Harvested Timber,HS AVALON c/o Active Marine,598.8,0.8,,,,AVA16-940,598.8,S,10.6,12.7
2016-10-12,West Coast Natural Resource Region,ISLAND TIMBERLANDS GP LTD.,65 FRONT STREET,4TH FLOOR,,NANAIMO,BC,V9R5H9,Laura Tanaka,2507553515,P,173930,BA / HE / Gang,Harvested Timber,"In trans to Gabriola via Gowlland, then c/o Jones Marine",161.3,0.5,,,,ITS16-268P-005,161.3,O,7.1,12.6
2016-10-12,West Coast Natural Resource Region,ISLAND TIMBERLANDS GP LTD.,65 FRONT STREET,4TH FLOOR,,NANAIMO,BC,V9R5H9,Laura Tanaka,2507553515,P,173931,BA / HE / Sawlog,Harvested Timber,"In trans to Gabriola via Gowlland, then c/o Jones Marine",285.1,1.2,,,,ITS16-264P-005,285.1,O,8.1,19.5
2016-10-12,West Coast Natural Resource Region,ISLAND TIMBERLANDS GP LTD.,65 FRONT STREET,4TH FLOOR,,NANAIMO,BC,V9R5H9,Laura Tanaka,2507553515,P,173932,FI / Sawlog,Harvested Timber,"transto Fraser River via Gowlland, then c/o Hodder",171.6,1.4,,,,ITS16-135P-007,171.6,S,11.6,17.1
2016-10-12,West Coast Natural Resource Region,ISLAND TIMBERLANDS GP LTD.,65 FRONT STREET,4TH FLOOR,,NANAIMO,BC,V9R5H9,Laura Tanaka,2507553515,P,173933,BA / HE / Sawlog,Harvested Timber,"In trans to Gabriola via Gowlland, then c/o Jones Marine",338.1,1.4,,,,ITS16-229P-017,338.1,O,10.7,18.3
2016-10-12,West Coast Natural Resource Region,ISLAND TIMBERLANDS GP LTD.,65 FRONT STREET,4TH FLOOR,,NANAIMO,BC,V9R5H9,Laura Tanaka,2507553515,P,173934,BA / HE / Gang,Harvested Timber,"In trans to Gabriola via Gowlland, then c/o Jones Marine",358.3,0.8,,,,ITS16-228P-011,358.3,O,10.7,12.9
2016-10-12,South Coast Natural Resource Region,INTERFOR CORPORATION,"SUITE 1600-4720 KINGSWAY, METROTOWER II",,,BURNABY,BC,V5H4N2,Cheryl Heinzl,6044223428,P,173968,BA / HE / Gang,Harvested Timber,HS AVALON c/o Active Marine,621.3,0.7,,,,AVA16-923,621.3,S,10.4,12.3
2016-10-12,South Coast Natural Resource Region,INTERFOR CORPORATION,"SUITE 1600-4720 KINGSWAY, METROTOWER II",,,BURNABY,BC,V5H4N2,Cheryl Heinzl,6044223428,P,173969,BA / HE / Sawlog,Harvested Timber,PORT ALBERNI c/o AB Sea Towing,336.2,2.1,,,,ICC16-18,336.2,S,11.8,20.3
2016-10-12,West Coast Natural Resource Region,CANADIAN OVERSEAS LOG & LUMBER LTD.,SUITE 1101 -  409 GRANVILLE ST,,,VANCOUVER,BC,V6C2S6,Roxanne Kotobi,6046820425,P,174023,BA / HE / Sawlog,Harvested Timber,Eve River/ In transit c/o Gowlland towing 250-286-3034,706.6,3.5,,,,CER 16-133,706.6,O,10.5,29.3
2016-10-12,South Coast Natural Resource Region,CANADIAN OVERSEAS LOG & LUMBER LTD.,SUITE 1101 -  409 GRANVILLE ST,,,VANCOUVER,BC,V6C2S6,Roxanne Kotobi,6046820425,P,174024,FI / Sawlog,Harvested Timber,Fraser River c/o Catherwood Towing 604-462-9221Fraser,397.1,2,,,,NCOS 16-168A,397.1,S,10.9,21.3
2016-10-12,South Coast Natural Resource Region,INTERFOR CORPORATION,"SUITE 1600-4720 KINGSWAY, METROTOWER II",,,BURNABY,BC,V5H4N2,Cheryl Heinzl,6044223428,P,174025,BA / HE / Gang,Harvested Timber,HS AVALON c/o Active Marine,572,0.8,,,,AVA16-946,572,S,10.5,12.7
2016-10-12,South Coast Natural Resource Region,INTERFOR CORPORATION,"SUITE 1600-4720 KINGSWAY, METROTOWER II",,,BURNABY,BC,V5H4N2,Cheryl Heinzl,6044223428,P,174026,BA / HE / Utility,Harvested Timber,HS AVALON c/o Active Marine,697.1,1.8,,,,AVA16-947,697.1,S,10.1,20.4
2016-10-12,South Coast Natural Resource Region,CANADIAN OVERSEAS LOG & LUMBER LTD.,SUITE 1101 -  409 GRANVILLE ST,,,VANCOUVER,BC,V6C2S6,Roxanne Kotobi,6046820425,P,174027,BA / Sawlog,Harvested Timber,Fraser River c/o Catherwood Towing 604-462-9221Fraser,213.6,1.7,,,,NCOS 16-181,213.6,S,12,19
2016-10-12,South Coast Natural Resource Region,CANADIAN OVERSEAS LOG & LUMBER LTD.,SUITE 1101 -  409 GRANVILLE ST,,,VANCOUVER,BC,V6C2S6,Roxanne Kotobi,6046820425,P,174028,HE / Sawlog,Harvested Timber,Fraser River c/o Catherwood Towing 604-462-9221Fraser,935.3,1.7,,,,NCOS 16-188,935.3,S,10.5,19.8
2016-10-12,West Coast Natural Resource Region,TIMBERWEST FOREST COMPANY,9370 SOUTH SHORE ROAD,PO BOX 375,,MESACHIE LAKE,BC,V0R2N0,MEL MCMINN,,P,174035,HE / Sawlog,Harvested Timber,FRASER RIVER,242.2,3.1,,,,BCS-16-3135,242.2,O,9.4,29.5
2016-10-12,West Coast Natural Resource Region,TIMBERWEST FOREST COMPANY,9370 SOUTH SHORE ROAD,PO BOX 375,,MESACHIE LAKE,BC,V0R2N0,MEL MCMINN,,P,174036,HE / Sawlog,Harvested Timber,FRASER RIVER,1062.1,1.5,,,,HEM-16-3097,1062.1,S,11.2,18.5
2016-10-12,West Coast Natural Resource Region,TIMBERWEST FOREST COMPANY,9370 SOUTH SHORE ROAD,PO BOX 375,,MESACHIE LAKE,BC,V0R2N0,MEL MCMINN,,P,174037,HE / Chip and Saw,Harvested Timber,ROCKY POINT,944.8,0.3,,,,HEM-16-3098,944.8,S,10.9,7.7
2016-10-12,West Coast Natural Resource Region,TIMBERWEST FOREST COMPANY,9370 SOUTH SHORE ROAD,PO BOX 375,,MESACHIE LAKE,BC,V0R2N0,MEL MCMINN,,P,174038,FI / Sawlog,Harvested Timber,SHOAL ISLAND,330.2,1.9,,,,SHO-16-1562B,330.2,S,12.3,19.2
2016-10-12,West Coast Natural Resource Region,TIMBERWEST FOREST COMPANY,9370 SOUTH SHORE ROAD,PO BOX 375,,MESACHIE LAKE,BC,V0R2N0,MEL MCMINN,,P,174039,HE / Gang,Harvested Timber,FRASER RIVER,536.5,0.7,,,,TVS-16-3003,536.5,S,10.4,12.4
2016-10-12,West Coast Natural Resource Region,ISLAND TIMBERLANDS GP LTD.,65 FRONT STREET,4TH FLOOR,,NANAIMO,BC,V9R5H9,Laura Tanaka,2507553515,P,173957,HE / Sawlog,Harvested Timber,Port Alberni c/o Pacific Towing 250-723-5602,32.9,4.7,,,,ITF16-263P-004,32.9,O,9.4,36.1
2016-10-12,West Coast Natural Resource Region,ISLAND TIMBERLANDS GP LTD.,65 FRONT STREET,4TH FLOOR,,NANAIMO,BC,V9R5H9,Laura Tanaka,2507553515,P,173958,BA / Gang,Harvested Timber,Port Alberni c/o Pacific Towing 250-723-5602,19.1,1.1,,,,ITF16-326P-003,19.1,O,12.5,13.4
2016-10-12,West Coast Natural Resource Region,TIMBERWEST FOREST COMPANY,9370 SOUTH SHORE ROAD,PO BOX 375,,MESACHIE LAKE,BC,V0R2N0,MEL MCMINN,,P,173938,BA / HE / Gang,Harvested Timber,ROCKY POINT,962.1,0.8,,,,BCS-16-3131,962.1,S,10.5,13.2
2016-10-12,West Coast Natural Resource Region,TIMBERWEST FOREST COMPANY,9370 SOUTH SHORE ROAD,PO BOX 375,,MESACHIE LAKE,BC,V0R2N0,MEL MCMINN,,P,173939,FI / Sawlog,Harvested Timber,ROCKY POINT,613.3,2,,,,GWL-16-1289B,613.3,S,12.4,19.6
2016-10-12,West Coast Natural Resource Region,TIMBERWEST FOREST COMPANY,9370 SOUTH SHORE ROAD,PO BOX 375,,MESACHIE LAKE,BC,V0R2N0,MEL MCMINN,,P,173940,FI / Sawlog,Harvested Timber,ROCKY POINT,257.1,4.2,,,,GWL-16-1290B,257.1,S,12.5,29
2016-10-12,West Coast Natural Resource Region,TIMBERWEST FOREST COMPANY,9370 SOUTH SHORE ROAD,PO BOX 375,,MESACHIE LAKE,BC,V0R2N0,MEL MCMINN,,P,173941,HE / Gang,Harvested Timber,ROCKY POINT,623.6,0.8,,,,GWL-16-3288,623.6,S,10.7,12.9
2016-10-12,West Coast Natural Resource Region,TIMBERWEST FOREST COMPANY,9370 SOUTH SHORE ROAD,PO BOX 375,,MESACHIE LAKE,BC,V0R2N0,MEL MCMINN,,P,173942,HE / Gang,Harvested Timber,FRASER RIVER,1155.5,0.7,,,,HEM-16-3092,1155.5,S,10,12.6
2016-10-12,West Coast Natural Resource Region,TIMBERWEST FOREST COMPANY,9370 SOUTH SHORE ROAD,PO BOX 375,,MESACHIE LAKE,BC,V0R2N0,MEL MCMINN,,P,173943,HE / Sawlog,Harvested Timber,FRASER RIVER,1304.8,1.3,,,,HEM-16-3095,1304.8,S,9.7,18.3
2016-10-12,West Coast Natural Resource Region,TIMBERWEST FOREST COMPANY,9370 SOUTH SHORE ROAD,PO BOX 375,,MESACHIE LAKE,BC,V0R2N0,MEL MCMINN,,P,173944,HE / Peeler,Harvested Timber,FRASER RIVER,663.7,0.7,,,,HEM-16-3096,663.7,S,10.7,12.8
2016-10-12,West Coast Natural Resource Region,TIMBERWEST FOREST COMPANY,9370 SOUTH SHORE ROAD,PO BOX 375,,MESACHIE LAKE,BC,V0R2N0,MEL MCMINN,,P,173945,FI / Gang,Harvested Timber,ROCKY POINT,8.2,0.8,,,,SHO-16-1563B,8.2,S,10.2,13
2016-10-12,West Coast Natural Resource Region,TIMBERWEST FOREST COMPANY,9370 SOUTH SHORE ROAD,PO BOX 375,,MESACHIE LAKE,BC,V0R2N0,MEL MCMINN,,P,173946,FI / Sawlog,Harvested Timber,ROCKY POINT,313.7,1.7,,,,SHO-16-1566B,313.7,S,12.1,18.5
2016-10-12,West Coast Natural Resource Region,TIMBERWEST FOREST COMPANY,9370 SOUTH SHORE ROAD,PO BOX 375,,MESACHIE LAKE,BC,V0R2N0,MEL MCMINN,,P,173947,HE / Chip and Saw,Harvested Timber,ROCKY POINT,502.3,0.4,,,,SHO-16-3548B,502.3,S,8.5,9.8
2016-10-12,West Coast Natural Resource Region,TIMBERWEST FOREST COMPANY,9370 SOUTH SHORE ROAD,PO BOX 375,,MESACHIE LAKE,BC,V0R2N0,MEL MCMINN,,P,173948,HE / Sawlog,Harvested Timber,ROCKY POINT,944.2,1.4,,,,SHO-16-3552B,944.2,S,10.7,18.2
2016-10-12,West Coast Natural Resource Region,TIMBERWEST FOREST COMPANY,9370 SOUTH SHORE ROAD,PO BOX 375,,MESACHIE LAKE,BC,V0R2N0,MEL MCMINN,,P,173949,BA / Sawlog,Harvested Timber,ROCKY POINT,464.8,1.4,,,,SHO-16-4541B,464.8,S,10.8,18.3
2016-10-12,West Coast Natural Resource Region,TIMBERWEST FOREST COMPANY,9370 SOUTH SHORE ROAD,PO BOX 375,,MESACHIE LAKE,BC,V0R2N0,MEL MCMINN,,P,173950,FI / Sawlog,Harvested Timber,FRASER RIVER,30.4,2.2,,,,TWU-16-1092B,30.4,S,12.6,20.6
2016-10-12,West Coast Natural Resource Region,ISLAND TIMBERLANDS GP LTD.,65 FRONT STREET,4TH FLOOR,,NANAIMO,BC,V9R5H9,Laura Tanaka,2507553515,P,173959,BA / Sawlog,Harvested Timber,Port Alberni c/o Pacific Towing 250-723-5602,31,1.9,,,,ITF16-324P-004,31,O,11.8,20.1
2016-10-12,West Coast Natural Resource Region,ISLAND TIMBERLANDS GP LTD.,65 FRONT STREET,4TH FLOOR,,NANAIMO,BC,V9R5H9,Laura Tanaka,2507553515,P,173960,BA / HE / Gang,Harvested Timber,Port Alberni c/o Pacific Towing 250-723-5602,176.8,0.8,,,,ITF16-268P-005,176.8,O,9.8,13.2
2016-10-12,West Coast Natural Resource Region,ISLAND TIMBERLANDS GP LTD.,65 FRONT STREET,4TH FLOOR,,NANAIMO,BC,V9R5H9,Laura Tanaka,2507553515,P,173961,BA / Sawlog,Harvested Timber,Port Alberni c/o Pacific Towing 250-723-5602,32.8,1.9,,,,ITF16-305P-003,32.8,O,12.1,19.5
2016-10-12,West Coast Natural Resource Region,ISLAND TIMBERLANDS GP LTD.,65 FRONT STREET,4TH FLOOR,,NANAIMO,BC,V9R5H9,Laura Tanaka,2507553515,P,173962,FI / Sawlog,Harvested Timber,Port Alberni c/o Pacific Towing 250-723-5602,526.3,1.7,,,,ITF16-135P-005,526.3,S,11.9,18.8
2016-10-12,West Coast Natural Resource Region,ISLAND TIMBERLANDS GP LTD.,65 FRONT STREET,4TH FLOOR,,NANAIMO,BC,V9R5H9,Laura Tanaka,2507553515,P,173963,BA / HE / Gang,Harvested Timber,Port Alberni c/o Pacific Towing 250-723-5602,107.6,0.6,,,,ITF16-266P-008,107.6,O,10.6,10.6
2016-10-12,West Coast Natural Resource Region,ISLAND TIMBERLANDS GP LTD.,65 FRONT STREET,4TH FLOOR,,NANAIMO,BC,V9R5H9,Laura Tanaka,2507553515,P,173964,BA / HE / Chip and Saw,Harvested Timber,"In trans to Gabriola via Gowlland, then c/o Jones Marine",562.8,0.4,,,,ITS16-210P-010,562.8,S,12,6.9
2016-10-12,West Coast Natural Resource Region,ISLAND TIMBERLANDS GP LTD.,65 FRONT STREET,4TH FLOOR,,NANAIMO,BC,V9R5H9,Laura Tanaka,2507553515,P,173965,BA / HE / Sawlog,Harvested Timber,Port Alberni c/o Pacific Towing 250-723-5602,22.3,2,,,,ITF16-205P-004,22.3,O,12.3,19.8
2016-10-12,West Coast Natural Resource Region,ISLAND TIMBERLANDS GP LTD.,65 FRONT STREET,4TH FLOOR,,NANAIMO,BC,V9R5H9,Laura Tanaka,2507553515,P,173966,AL / Sawlog,Harvested Timber,In transit to Gabriola c/o Jones Marine,14.7,0.6,,,,ITB16-804P-011,14.7,S,10.6,11.9
2016-10-12,West Coast Natural Resource Region,ISLAND TIMBERLANDS GP LTD.,65 FRONT STREET,4TH FLOOR,,NANAIMO,BC,V9R5H9,Laura Tanaka,2507553515,P,173967,MA / Sawlog,Harvested Timber,In transit to Gabriola c/o Jones Marine,76.5,0.6,,,,ITB16-945P-011,76.5,S,10.1,11.2
2016-10-12,South Coast Natural Resource Region,INTERFOR CORPORATION,"SUITE 1600-4720 KINGSWAY, METROTOWER II",,,BURNABY,BC,V5H4N2,Cheryl Heinzl,6044223428,P,173972,HE / Sawlog,Harvested Timber,Port Alberni c/o AB Sea Towing,158,1.5,,,,ICC16_5,158,S,10.4,18.8
2016-10-12,South Coast Natural Resource Region,INTERFOR CORPORATION,"SUITE 1600-4720 KINGSWAY, METROTOWER II",,,BURNABY,BC,V5H4N2,Cheryl Heinzl,6044223428,P,173990,HE / Gang,Harvested Timber,Port Alberni c/o AB Sea Towing,201.2,0.7,,,,ICC16_6,201.2,S,10.1,13
2016-10-12,South Coast Natural Resource Region,INTERFOR CORPORATION,"SUITE 1600-4720 KINGSWAY, METROTOWER II",,,BURNABY,BC,V5H4N2,Cheryl Heinzl,6044223428,P,173991,HE / Sawlog,Harvested Timber,Port Alberni c/o AB Sea Towing,53.7,1.4,,,,ICC16_8,53.7,S,11.3,17.5
2016-10-12,West Coast Natural Resource Region,CANADIAN OVERSEAS LOG & LUMBER LTD.,SUITE 1101 -  409 GRANVILLE ST,,,VANCOUVER,BC,V6C2S6,Roxanne Kotobi,6046820425,P,174029,HE / Gang,Harvested Timber,JORDAN RIVER,867.7,0.8,,,,JAG 16-154,867.7,S,10.7,12.7
2016-10-12,West Coast Natural Resource Region,ISLAND TIMBERLANDS GP LTD.,65 FRONT STREET,4TH FLOOR,,NANAIMO,BC,V9R5H9,Laura Tanaka,2507553515,F,8055828,FI / Chip and Saw,Harvested Timber,PORT ALBERNI C/O PACIFIC TOWING 250-723-5602,480.8,0.5,,,,ITF16-138-010-R,480.8,S,12.1,9.1
2016-10-12,West Coast Natural Resource Region,ISLAND TIMBERLANDS GP LTD.,65 FRONT STREET,4TH FLOOR,,NANAIMO,BC,V9R5H9,Laura Tanaka,2507553515,F,8055837,FI / Chip and Saw,Harvested Timber,PORT ALBERNI C/O PACIFIC TOWING 250-723-5602,1006.5,0.5,,,,ITF16-138W-014-R,1006.5,S,12,9
2016-10-12,West Coast Natural Resource Region,ISLAND TIMBERLANDS GP LTD.,65 FRONT STREET,4TH FLOOR,,NANAIMO,BC,V9R5H9,Laura Tanaka,2507553515,F,8055864,FI / Chip and Saw,Harvested Timber,PORT ALBERNI C/O PACIFIC TOWING 250-723-5602,611,0.3,,,,ITF16-140-007-R,611,S,8.1,9
2016-10-12,West Coast Natural Resource Region,ISLAND TIMBERLANDS GP LTD.,65 FRONT STREET,4TH FLOOR,,NANAIMO,BC,V9R5H9,Laura Tanaka,2507553515,F,8055873,FI / Peeler,Harvested Timber,PORT ALBERNI C/O PACIFIC TOWING 250-723-5602,656.8,0.8,,,,ITF16-155-006-R,656.8,S,11.5,12.6
2016-10-12,West Coast Natural Resource Region,ISLAND TIMBERLANDS GP LTD.,65 FRONT STREET,4TH FLOOR,,NANAIMO,BC,V9R5H9,Laura Tanaka,2507553515,F,8055926,FI / Gang,Harvested Timber,Port Alberni c/o Pacific Towing 250-723-5602,1125.3,0.7,,,,ITF16-128-030,1125.3,S,9.3,12.5
2016-10-12,West Coast Natural Resource Region,ISLAND TIMBERLANDS GP LTD.,65 FRONT STREET,4TH FLOOR,,NANAIMO,BC,V9R5H9,Laura Tanaka,2507553515,F,8055935,FI / Sawlog,Harvested Timber,In transit to Gabriola c/o Jones Marine,248,1.6,,,,ITB16-129-009,248,S,8.5,21.1
2016-10-12,West Coast Natural Resource Region,ISLAND TIMBERLANDS GP LTD.,65 FRONT STREET,4TH FLOOR,,NANAIMO,BC,V9R5H9,Laura Tanaka,2507553515,F,8055944,FI / Sawlog,Harvested Timber,In trans toFraserRiver via JonesMarinethen c/o Hodder,36.1,2.4,,,,ITB16-103-004,36.1,S,12,22.5
2016-10-12,West Coast Natural Resource Region,ISLAND TIMBERLANDS GP LTD.,65 FRONT STREET,4TH FLOOR,,NANAIMO,BC,V9R5H9,Laura Tanaka,2507553515,F,8056060,BA / HE / Gang,Harvested Timber,On Deck at Island Terminals,753.2,0.5,,,,ITN16-228W-001,753.2,S,11.5,9.2
2016-10-12,West Coast Natural Resource Region,ISLAND TIMBERLANDS GP LTD.,65 FRONT STREET,4TH FLOOR,,NANAIMO,BC,V9R5H9,Laura Tanaka,2507553515,F,8055953,BA / HE / Gang,Harvested Timber,"In trans to Gabriola via Gowlland, then c/o Jones Marine",47.5,0.6,,,,ITS16-268-008,47.5,O,7.8,12.8
2016-10-12,West Coast Natural Resource Region,ISLAND TIMBERLANDS GP LTD.,65 FRONT STREET,4TH FLOOR,,NANAIMO,BC,V9R5H9,Laura Tanaka,2507553515,F,8055971,BA / HE / Gang,Harvested Timber,Port Alberni c/o Pacific Towing 250-723-5602,1252.7,0.7,,,,ITF16-228-024,1252.7,O,9.4,12.5
2016-10-12,West Coast Natural Resource Region,ISLAND TIMBERLANDS GP LTD.,65 FRONT STREET,4TH FLOOR,,NANAIMO,BC,V9R5H9,Laura Tanaka,2507553515,F,8055980,FI / Sawlog,Harvested Timber,Port Alberni c/o Pacific Towing 250-723-5602,550.6,2.8,,,,ITF16-131-001,550.6,S,11.9,24.2
2016-10-12,South Coast Natural Resource Region,CANADIAN OVERSEAS LOG & LUMBER LTD.,SUITE 1101 -  409 GRANVILLE ST,,,VANCOUVER,BC,V6C2S6,Roxanne Kotobi,6046820425,P,173992,BA / HE / Sawlog,Harvested Timber,Watts Point In transit c/o Blackmount 604-892-7841,858.2,0.4,,,,BMW 16-337,858.2,S,11.6,8.6
2016-10-12,West Coast Natural Resource Region,CANADIAN OVERSEAS LOG & LUMBER LTD.,SUITE 1101 -  409 GRANVILLE ST,,,VANCOUVER,BC,V6C2S6,Roxanne Kotobi,6046820425,P,173993,BA / HE / Sawlog,Harvested Timber,Eve River/ In transit c/o Gowlland towing 250-286-3034,852.9,1.7,,,,CER 16-130,852.9,O,10.9,19.1
2016-10-12,West Coast Natural Resource Region,CANADIAN OVERSEAS LOG & LUMBER LTD.,SUITE 1101 -  409 GRANVILLE ST,,,VANCOUVER,BC,V6C2S6,Roxanne Kotobi,6046820425,P,173994,HE / Sawlog,Harvested Timber,Eve River/ In transit c/o Gowlland towing 250-286-3034,531.2,3.3,,,,CER 16-131,531.2,O,7.8,33.9
2016-10-12,West Coast Natural Resource Region,CRIBCO FOREST PRODUCTS LIMITED PARTNERSHIP,1400 WEIWAIKUM  ROAD,,,CAMPBELL RIVER,BC,V9W5W8,CRIBCO FOREST PRODUCTS LTD.,2502866949,P,173951,HE / Gang,Harvested Timber,Heydon Bay,658.8,0.8,0967625 B.C. LTD.,6048130779,Log Sales,CRIB-16-11,658.8,S,11.3,12.3
2016-10-12,West Coast Natural Resource Region,CRIBCO FOREST PRODUCTS LIMITED PARTNERSHIP,1400 WEIWAIKUM  ROAD,,,CAMPBELL RIVER,BC,V9W5W8,CRIBCO FOREST PRODUCTS LTD.,2502866949,P,173952,BA / HE / Chip and Saw,Harvested Timber,Heydon Bay,941.9,0.3,0967625 B.C. LTD.,6048130779,Log Sales,CRIB-16-12,941.9,S,8.8,7.9
2016-10-12,West Coast Natural Resource Region,CRIBCO FOREST PRODUCTS LIMITED PARTNERSHIP,1400 WEIWAIKUM  ROAD,,,CAMPBELL RIVER,BC,V9W5W8,CRIBCO FOREST PRODUCTS LTD.,2502866949,P,173953,BA / HE / Sawlog,Harvested Timber,Heydon Bay,594,1.6,0967625 B.C. LTD.,6048130779,Log Sales,CRIB-16-13,594,S,11.7,18.3
2016-10-12,West Coast Natural Resource Region,CRIBCO FOREST PRODUCTS LIMITED PARTNERSHIP,1400 WEIWAIKUM  ROAD,,,CAMPBELL RIVER,BC,V9W5W8,CRIBCO FOREST PRODUCTS LTD.,2502866949,P,173954,BA / HE / Sawlog,Harvested Timber,Heydon Bay,993.3,1.4,0967625 B.C. LTD.,6048130779,Log Sales,CRIB-16-14A,993.3,S,10.4,18.4
2016-10-12,West Coast Natural Resource Region,CRIBCO FOREST PRODUCTS LIMITED PARTNERSHIP,1400 WEIWAIKUM  ROAD,,,CAMPBELL RIVER,BC,V9W5W8,CRIBCO FOREST PRODUCTS LTD.,2502866949,P,173955,BA / HE / Sawlog,Harvested Timber,Heydon Bay,243,3,0967625 B.C. LTD.,6048130779,Log Sales,CRIB-16-14B,243,S,10.7,27.2
2016-10-12,West Coast Natural Resource Region,CRIBCO FOREST PRODUCTS LIMITED PARTNERSHIP,1400 WEIWAIKUM  ROAD,,,CAMPBELL RIVER,BC,V9W5W8,CRIBCO FOREST PRODUCTS LTD.,2502866949,P,173956,BA / HE / Chip and Saw,Harvested Timber,Heydon Bay,597.7,0.4,0967625 B.C. LTD.,6048130779,Log Sales,CRIB-16-15,597.7,S,11.3,8.6
2016-10-12,West Coast Natural Resource Region,PROBYN LOG LTD.,SUITE 350-601 SIXTH STREET,,,NEW WESTMINSTER,BC,V3L3C1,Della Lowe,6045268545,P,173970,BA / HE / Sawlog,Harvested Timber,FRASER RIVER C/O GOWLLAND,900.3,1.4,,,,ERP-16-232-141,900.3,O,10,19.4
2016-10-12,West Coast Natural Resource Region,PROBYN LOG LTD.,SUITE 350-601 SIXTH STREET,,,NEW WESTMINSTER,BC,V3L3C1,Della Lowe,6045268545,P,173971,BA / HE / Sawlog,Harvested Timber,ALBERNI INLET C/O TIMBEROSE,941.4,1.6,,,,KPE16-232-001,941.4,O,10,19.9
2016-10-12,West Coast Natural Resource Region,PROBYN LOG LTD.,SUITE 350-601 SIXTH STREET,,,NEW WESTMINSTER,BC,V3L3C1,Della Lowe,6045268545,P,173973,HE / Gang,Harvested Timber,FRASER RIVER C/O ACTIVE,821.5,0.6,,,,PLTC6-251-193,821.5,S,11,12
2016-10-12,West Coast Natural Resource Region,PROBYN LOG LTD.,SUITE 350-601 SIXTH STREET,,,NEW WESTMINSTER,BC,V3L3C1,Della Lowe,6045268545,P,173974,HE / Gang,Harvested Timber,FRASER RIVER C/O ACTIVE,923.2,0.7,,,,PLTC6-251-196,923.2,S,11,12.3
2016-10-12,West Coast Natural Resource Region,PROBYN LOG LTD.,SUITE 350-601 SIXTH STREET,,,NEW WESTMINSTER,BC,V3L3C1,Della Lowe,6045268545,P,173975,HE / Chip and Saw,Harvested Timber,FRASER RIVER C/O ACTIVE,760.1,0.3,,,,PLTC6-292-195,760.1,S,10,7.7
2016-10-12,West Coast Natural Resource Region,PROBYN LOG LTD.,SUITE 350-601 SIXTH STREET,,,NEW WESTMINSTER,BC,V3L3C1,Della Lowe,6045268545,P,173976,BA / Sawlog,Harvested Timber,FRASER RIVER C/O ACTIVE,61.2,1.2,,,,PLTC6-332-189,61.2,S,10,17.4
2016-10-12,West Coast Natural Resource Region,PROBYN LOG LTD.,SUITE 350-601 SIXTH STREET,,,NEW WESTMINSTER,BC,V3L3C1,Della Lowe,6045268545,P,173977,BA / Gang,Harvested Timber,FRASER RIVER C/O ACTIVE,50.2,0.6,,,,PLTC6-351-196,50.2,S,10,11.9
2016-10-12,West Coast Natural Resource Region,PROBYN LOG LTD.,SUITE 350-601 SIXTH STREET,,,NEW WESTMINSTER,BC,V3L3C1,Della Lowe,6045268545,P,173978,BA / Gang,Harvested Timber,FRASER RIVER C/O ACTIVE,77.6,0.7,,,,PLTC6-351-193,77.6,S,11,12
2016-10-12,West Coast Natural Resource Region,PROBYN LOG LTD.,SUITE 350-601 SIXTH STREET,,,NEW WESTMINSTER,BC,V3L3C1,Della Lowe,6045268545,P,173979,BA / Chip and Saw,Harvested Timber,FRASER RIVER C/O ACTIVE,53.3,0.3,,,,PLTC6-392-195,53.3,S,9,7.8
2016-10-12,West Coast Natural Resource Region,PROBYN LOG LTD.,SUITE 350-601 SIXTH STREET,,,NEW WESTMINSTER,BC,V3L3C1,Della Lowe,6045268545,P,173980,SP / Sawlog,Harvested Timber,FRASER RIVER C/O ACTIVE,2.2,2.2,,,,PLTC6-632-189,2.2,S,13,20
2016-10-12,West Coast Natural Resource Region,PROBYN LOG LTD.,SUITE 350-601 SIXTH STREET,,,NEW WESTMINSTER,BC,V3L3C1,Della Lowe,6045268545,P,173981,HE / Sawlog,Harvested Timber,FRASER RIVER C/O ACTIVE,836.6,1.2,,,,PLTC6-232-189,836.6,S,9,17.9
2016-10-12,West Coast Natural Resource Region,PROBYN LOG LTD.,SUITE 350-601 SIXTH STREET,,,NEW WESTMINSTER,BC,V3L3C1,Della Lowe,6045268545,P,173982,SP / Sawlog,Harvested Timber,FRASER RIVER C/O ACTIVE,0.9,0.9,,,,PLTC6-651-193,0.9,S,12,13
2016-10-12,West Coast Natural Resource Region,PROBYN LOG LTD.,SUITE 350-601 SIXTH STREET,,,NEW WESTMINSTER,BC,V3L3C1,Della Lowe,6045268545,P,173983,BA / Sawlog,Harvested Timber,FRASER RIVER C/O ACTIVE,37.9,1.5,,,,PLTC6-343-200,37.9,S,11,18.2
2016-10-12,West Coast Natural Resource Region,PROBYN LOG LTD.,SUITE 350-601 SIXTH STREET,,,NEW WESTMINSTER,BC,V3L3C1,Della Lowe,6045268545,P,173984,SP / Sawlog,Harvested Timber,FRASER RIVER C/O ACTIVE,4.2,1.4,,,,PLTC6-632-198,4.2,S,10,18
2016-10-12,West Coast Natural Resource Region,PROBYN LOG LTD.,SUITE 350-601 SIXTH STREET,,,NEW WESTMINSTER,BC,V3L3C1,Della Lowe,6045268545,P,173985,BA / Sawlog,Harvested Timber,FRASER RIVER C/O ACTIVE,54.7,1.2,,,,PLTC6-332-198,54.7,S,10,17.8
2016-10-12,West Coast Natural Resource Region,PROBYN LOG LTD.,SUITE 350-601 SIXTH STREET,,,NEW WESTMINSTER,BC,V3L3C1,Della Lowe,6045268545,P,173986,HE / Sawlog,Harvested Timber,FRASER RIVER C/O ACTIVE,889.4,1.2,,,,PLTC6-232-198,889.4,S,9,18.2
2016-10-12,West Coast Natural Resource Region,PROBYN LOG LTD.,SUITE 350-601 SIXTH STREET,,,NEW WESTMINSTER,BC,V3L3C1,Della Lowe,6045268545,P,173987,HE / Sawlog,Harvested Timber,FRASER RIVER C/O ACTIVE,1140.1,1.6,,,,PLTC6-242-199,1140.1,S,11,18.8
2016-10-12,West Coast Natural Resource Region,PROBYN LOG LTD.,SUITE 350-601 SIXTH STREET,,,NEW WESTMINSTER,BC,V3L3C1,Della Lowe,6045268545,P,173988,HE / Sawlog,Harvested Timber,FRASER RIVER C/O ACTIVE,634.2,3,,,,PLTC6-212-202,634.2,S,11,27.4
2016-10-12,West Coast Natural Resource Region,PROBYN LOG LTD.,SUITE 350-601 SIXTH STREET,,,NEW WESTMINSTER,BC,V3L3C1,Della Lowe,6045268545,P,173989,HE / Sawlog,Harvested Timber,FRASER RIVER C/O ACTIVE,890.3,1.5,,,,PLTC6-243-200,890.3,S,11,18.3
2016-10-12,West Coast Natural Resource Region,CRIBCO FOREST PRODUCTS LIMITED PARTNERSHIP,1400 WEIWAIKUM  ROAD,,,CAMPBELL RIVER,BC,V9W5W8,CRIBCO FOREST PRODUCTS LTD.,2502866949,P,173682,BA / HE / Sawlog,Harvested Timber,Blind Bay C/O Thunder Bay Tugs,1173.7,1.4,0967625 B.C. LTD.,6048130779,Log Sales,CRIB-16-09A,1173.7,S,10.2,18.2
2016-10-12,West Coast Natural Resource Region,ISLAND TIMBERLANDS GP LTD.,65 FRONT STREET,4TH FLOOR,,NANAIMO,BC,V9R5H9,Laura Tanaka,2507553515,F,8055999,FI / Chip and Saw,Harvested Timber,In trans toFraserRiver via JonesMarinethen c/o Hodder,128,0.3,,,,ITB16-140-023,128,S,8.1,9
2016-10-12,West Coast Natural Resource Region,ISLAND TIMBERLANDS GP LTD.,65 FRONT STREET,4TH FLOOR,,NANAIMO,BC,V9R5H9,Laura Tanaka,2507553515,F,8056006,FI / Chip and Saw,Harvested Timber,In trans toFraserRiver via JonesMarinethen c/o Hodder,204.7,0.5,,,,ITB16-138W-019,204.7,S,12.1,9.3
2016-10-12,West Coast Natural Resource Region,ISLAND TIMBERLANDS GP LTD.,65 FRONT STREET,4TH FLOOR,,NANAIMO,BC,V9R5H9,Laura Tanaka,2507553515,F,8056015,FI / Sawlog,Harvested Timber,"transto Fraser River via Gowlland, then c/o Hodder",158.5,1.6,,,,ITS16-145-005,158.5,O,10.1,19.1
2016-10-12,West Coast Natural Resource Region,ISLAND TIMBERLANDS GP LTD.,65 FRONT STREET,4TH FLOOR,,NANAIMO,BC,V9R5H9,Laura Tanaka,2507553515,F,8056024,FI / Gang,Harvested Timber,"transto Fraser River via Gowlland, then c/o Hodder",112,0.9,,,,ITS16-128-005,112,S,9.9,13.3
2016-10-12,West Coast Natural Resource Region,ISLAND TIMBERLANDS GP LTD.,65 FRONT STREET,4TH FLOOR,,NANAIMO,BC,V9R5H9,Laura Tanaka,2507553515,F,8056033,BA / HE / Sawlog,Harvested Timber,"In trans to Gabriola via Gowlland, then c/o Jones Marine",165.2,1.8,,,,ITS16-229-020,165.2,O,11.1,19.1
2016-10-12,West Coast Natural Resource Region,ISLAND TIMBERLANDS GP LTD.,65 FRONT STREET,4TH FLOOR,,NANAIMO,BC,V9R5H9,Laura Tanaka,2507553515,F,8056042,BA / HE / Gang,Harvested Timber,"In trans to Gabriola via Gowlland, then c/o Jones Marine",239.8,0.8,,,,ITS16-228-020,239.8,O,9.6,12.9
2016-10-12,West Coast Natural Resource Region,ISLAND TIMBERLANDS GP LTD.,65 FRONT STREET,4TH FLOOR,,NANAIMO,BC,V9R5H9,Laura Tanaka,2507553515,F,8056051,BA / HE / Sawlog,Harvested Timber,On Deck at Island Terminals,1168.1,1.5,,,,ITN16-229-015,1168.1,O,10.1,18.8
2016-10-12,West Coast Natural Resource Region,ISLAND TIMBERLANDS GP LTD.,65 FRONT STREET,4TH FLOOR,,NANAIMO,BC,V9R5H9,Laura Tanaka,2507553515,F,8056177,BA / HE / Chip and Saw,Harvested Timber,Gabriola,292.5,0.4,,,,ITC16-258-011,292.5,S,11.3,7.7
2016-10-12,West Coast Natural Resource Region,ISLAND TIMBERLANDS GP LTD.,65 FRONT STREET,4TH FLOOR,,NANAIMO,BC,V9R5H9,Laura Tanaka,2507553515,F,8056186,HE / Gang,Harvested Timber,In trans toFraserRiver via JonesMarinethen c/o Hodder,243.7,0.7,,,,ITC16-207-001,243.7,S,11.4,11.7
2016-10-12,West Coast Natural Resource Region,TIMBERWEST FOREST COMPANY,9370 SOUTH SHORE ROAD,PO BOX 375,,MESACHIE LAKE,BC,V0R2N0,MEL MCMINN,,F,8056444,FI / Peeler,Harvested Timber,FRASER RIVER,686.3,0.5,,,,ORO-16-1487,686.3,S,8.7,11.8
2016-10-12,West Coast Natural Resource Region,TIMBERWEST FOREST COMPANY,9370 SOUTH SHORE ROAD,PO BOX 375,,MESACHIE LAKE,BC,V0R2N0,MEL MCMINN,,F,8056453,FI / Gang,Harvested Timber,ROCKY POINT,810,0.8,,,,LSM-16-1653,810,S,10.9,12.6
2016-10-12,West Coast Natural Resource Region,ISLAND TIMBERLANDS GP LTD.,65 FRONT STREET,4TH FLOOR,,NANAIMO,BC,V9R5H9,Laura Tanaka,2507553515,F,8056079,BA / HE / Gang,Harvested Timber,On Deck at Island Terminals,2470.5,0.7,,,,ITN16-228-015,2470.5,O,10,12
2016-10-12,West Coast Natural Resource Region,ISLAND TIMBERLANDS GP LTD.,65 FRONT STREET,4TH FLOOR,,NANAIMO,BC,V9R5H9,Laura Tanaka,2507553515,F,8056088,FI / Sawlog,Harvested Timber,"In trans to Gabriola via Gowlland, then c/o Jones Marine",40,1.5,,,,ITS16-129-004,40,S,8.8,20.1
2016-10-12,West Coast Natural Resource Region,ISLAND TIMBERLANDS GP LTD.,65 FRONT STREET,4TH FLOOR,,NANAIMO,BC,V9R5H9,Laura Tanaka,2507553515,F,8056097,CY / Gang,Harvested Timber,In trans toFraserRiver via JonesMarinethen c/o Hodder,227.8,1.1,,,,ITB16-528-004,227.8,O,10.9,14.4
2016-10-12,West Coast Natural Resource Region,ISLAND TIMBERLANDS GP LTD.,65 FRONT STREET,4TH FLOOR,,NANAIMO,BC,V9R5H9,Laura Tanaka,2507553515,F,8056104,BA / Sawlog,Harvested Timber,In trans toFraserRiver via JonesMarinethen c/o Hodder,285.9,3.5,,,,ITB16-322-007,285.9,O,11.1,28.8
2016-10-12,West Coast Natural Resource Region,ISLAND TIMBERLANDS GP LTD.,65 FRONT STREET,4TH FLOOR,,NANAIMO,BC,V9R5H9,Laura Tanaka,2507553515,F,8056113,FI / Chip and Saw,Harvested Timber,In trans toFraserRiver via JonesMarinethen c/o Hodder,153.1,0.5,,,,ITB16-138-023,153.1,S,12.1,8.9
2016-10-12,West Coast Natural Resource Region,ISLAND TIMBERLANDS GP LTD.,65 FRONT STREET,4TH FLOOR,,NANAIMO,BC,V9R5H9,Laura Tanaka,2507553515,F,8056122,FI / Peeler,Harvested Timber,In transit to Gabriola c/o Jones Marine,27.6,0.9,,,,ITB16-107-020,27.6,S,12.1,13.4
2016-10-12,West Coast Natural Resource Region,ISLAND TIMBERLANDS GP LTD.,65 FRONT STREET,4TH FLOOR,,NANAIMO,BC,V9R5H9,Laura Tanaka,2507553515,F,8056131,FI / Sawlog,Harvested Timber,In transit to Gabriola c/o Jones Marine,131.3,1.8,,,,ITB16-104-019,131.3,S,11.8,19.3
2016-10-12,West Coast Natural Resource Region,ISLAND TIMBERLANDS GP LTD.,65 FRONT STREET,4TH FLOOR,,NANAIMO,BC,V9R5H9,Laura Tanaka,2507553515,F,8056140,BA / HE / Gang,Harvested Timber,Port Alberni c/o Pacific Towing 250-723-5602,812,0.8,,,,ITF16-268-008,812,O,9.5,13.3
2016-10-12,West Coast Natural Resource Region,ISLAND TIMBERLANDS GP LTD.,65 FRONT STREET,4TH FLOOR,,NANAIMO,BC,V9R5H9,Laura Tanaka,2507553515,F,8056159,FI / Peeler,Harvested Timber,Port Alberni c/o Pacific Towing 250-723-5602,267,0.8,,,,ITF16-155-013,267,S,11.5,12.7
2016-10-12,West Coast Natural Resource Region,ISLAND TIMBERLANDS GP LTD.,65 FRONT STREET,4TH FLOOR,,NANAIMO,BC,V9R5H9,Laura Tanaka,2507553515,F,8056168,BA / Gang,Harvested Timber,In trans toFraserRiver via JonesMarinethen c/o Hodder,200.5,0.7,,,,ITC16-309-003,200.5,S,11.4,12
2016-10-12,West Coast Natural Resource Region,TIMBERWEST FOREST COMPANY,9370 SOUTH SHORE ROAD,PO BOX 375,,MESACHIE LAKE,BC,V0R2N0,MEL MCMINN,,F,8056569,FI / Sawlog,Harvested Timber,ROCKY POINT,26.5,3.8,,,,GWL-16-1290A,26.5,S,12.2,28.7
2016-10-12,West Coast Natural Resource Region,TIMBERWEST FOREST COMPANY,9370 SOUTH SHORE ROAD,PO BOX 375,,MESACHIE LAKE,BC,V0R2N0,MEL MCMINN,,F,8056578,FI / Sawlog,Harvested Timber,FRASER RIVER,514.7,2.1,,,,TWU-16-1092A,514.7,S,12.2,20.4
2016-10-12,West Coast Natural Resource Region,TIMBERWEST FOREST COMPANY,9370 SOUTH SHORE ROAD,PO BOX 375,,MESACHIE LAKE,BC,V0R2N0,MEL MCMINN,,F,8056587,FI / Peeler,Harvested Timber,FRASER RIVER,624.8,0.9,,,,ORO-16-1490,624.8,S,12.7,12.5
2016-10-12,West Coast Natural Resource Region,TIMBERWEST FOREST COMPANY,9370 SOUTH SHORE ROAD,PO BOX 375,,MESACHIE LAKE,BC,V0R2N0,MEL MCMINN,,F,8056462,FI / Gang,Harvested Timber,ROCKY POINT,1613.1,0.8,,,,SHO-16-1563A,1613.1,S,11.2,12.6
2016-10-12,West Coast Natural Resource Region,TIMBERWEST FOREST COMPANY,9370 SOUTH SHORE ROAD,PO BOX 375,,MESACHIE LAKE,BC,V0R2N0,MEL MCMINN,,F,8056471,FI / Sawlog,Harvested Timber,ROCKY POINT,601.2,1.6,,,,LSM-16-1649,601.2,S,12.3,18
2016-10-12,West Coast Natural Resource Region,TIMBERWEST FOREST COMPANY,9370 SOUTH SHORE ROAD,PO BOX 375,,MESACHIE LAKE,BC,V0R2N0,MEL MCMINN,,F,8056480,FI / Sawlog,Harvested Timber,ROCKY POINT,1267.6,1.5,,,,SHO-16-1566A,1267.6,S,11.9,17.7
2016-10-12,West Coast Natural Resource Region,TIMBERWEST FOREST COMPANY,9370 SOUTH SHORE ROAD,PO BOX 375,,MESACHIE LAKE,BC,V0R2N0,MEL MCMINN,,F,8056499,FI / Sawlog,Harvested Timber,ROCKY POINT,58.7,1.5,,,,GWL-16-1289A,58.7,S,12.2,17.6
2016-10-12,West Coast Natural Resource Region,TIMBERWEST FOREST COMPANY,9370 SOUTH SHORE ROAD,PO BOX 375,,MESACHIE LAKE,BC,V0R2N0,MEL MCMINN,,F,8056505,CE / Chip and Saw,Harvested Timber,ROCKY POINT,373.4,0.3,,,,LSM-16-2645,373.4,S,8.3,7.7
2016-10-12,West Coast Natural Resource Region,TIMBERWEST FOREST COMPANY,9370 SOUTH SHORE ROAD,PO BOX 375,,MESACHIE LAKE,BC,V0R2N0,MEL MCMINN,,F,8056514,HE / Sawlog,Harvested Timber,ROCKY POINT,232.3,1.4,,,,SHO-16-3552A,232.3,S,11,17.9
2016-10-12,West Coast Natural Resource Region,TIMBERWEST FOREST COMPANY,9370 SOUTH SHORE ROAD,PO BOX 375,,MESACHIE LAKE,BC,V0R2N0,MEL MCMINN,,F,8056523,BA / HE / Gang,Harvested Timber,ROCKY POINT,1011.5,0.7,,,,ORO-16-3488,1011.5,S,10.3,12.3
2016-10-12,West Coast Natural Resource Region,TIMBERWEST FOREST COMPANY,9370 SOUTH SHORE ROAD,PO BOX 375,,MESACHIE LAKE,BC,V0R2N0,MEL MCMINN,,F,8056532,FI / Chip and Saw,Harvested Timber,ROCKY POINT,339.9,0.3,,,,LSM-16-1648A,339.9,S,9.3,8
2016-10-12,West Coast Natural Resource Region,TIMBERWEST FOREST COMPANY,9370 SOUTH SHORE ROAD,PO BOX 375,,MESACHIE LAKE,BC,V0R2N0,MEL MCMINN,,F,8056541,FI / Chip and Saw,Harvested Timber,ROCKY POINT,931.9,0.4,,,,LSM-16-1655,931.9,S,12.2,8.6
2016-10-12,West Coast Natural Resource Region,TIMBERWEST FOREST COMPANY,9370 SOUTH SHORE ROAD,PO BOX 375,,MESACHIE LAKE,BC,V0R2N0,MEL MCMINN,,F,8056550,FI / Sawlog,Harvested Timber,ROCKY POINT,876.6,1.8,,,,LSM-16-1656,876.6,S,12.2,18.9
2016-10-12,West Coast Natural Resource Region,TIMBERWEST FOREST COMPANY,9370 SOUTH SHORE ROAD,PO BOX 375,,MESACHIE LAKE,BC,V0R2N0,MEL MCMINN,,F,8056596,FI / Peeler,Harvested Timber,FRASER RIVER,448.5,0.8,,,,ORO-16-1486,448.5,S,12.2,12.6
2016-10-12,West Coast Natural Resource Region,TIMBERWEST FOREST COMPANY,9370 SOUTH SHORE ROAD,PO BOX 375,,MESACHIE LAKE,BC,V0R2N0,MEL MCMINN,,F,8056603,FI / Peeler,Harvested Timber,ROCKY POINT,669.8,0.5,,,,LSM-16-1646,669.8,S,8.7,12.3
2016-10-12,West Coast Natural Resource Region,TIMBERWEST FOREST COMPANY,9370 SOUTH SHORE ROAD,PO BOX 375,,MESACHIE LAKE,BC,V0R2N0,MEL MCMINN,,F,8056621,CE / Gang,Harvested Timber,ROCKY POINT,444.7,0.9,,,,LSM-16-2644,444.7,S,10.1,13.1
2016-10-12,West Coast Natural Resource Region,TIMBERWEST FOREST COMPANY,9370 SOUTH SHORE ROAD,PO BOX 375,,MESACHIE LAKE,BC,V0R2N0,MEL MCMINN,,F,8056630,BA / HE / Chip and Saw,Harvested Timber,ROCKY POINT,939,0.3,,,,LSM-16-3650,939,S,9.4,6.9
2016-10-12,West Coast Natural Resource Region,TIMBERWEST FOREST COMPANY,9370 SOUTH SHORE ROAD,PO BOX 375,,MESACHIE LAKE,BC,V0R2N0,MEL MCMINN,,F,8056649,BA / Sawlog,Harvested Timber,ROCKY POINT,26.2,1.4,,,,SHO-16-4541A,26.2,S,10.6,18
2016-10-12,West Coast Natural Resource Region,TIMBERWEST FOREST COMPANY,9370 SOUTH SHORE ROAD,PO BOX 375,,MESACHIE LAKE,BC,V0R2N0,MEL MCMINN,,F,8056658,HE / Chip and Saw,Harvested Timber,ROCKY POINT,102.2,0.4,,,,SHO-16-3548A,102.2,S,9.3,9
2016-10-12,West Coast Natural Resource Region,TIMBERWEST FOREST COMPANY,9370 SOUTH SHORE ROAD,PO BOX 375,,MESACHIE LAKE,BC,V0R2N0,MEL MCMINN,,F,8056667,FI / Chip and Saw,Harvested Timber,ROCKY POINT,56.4,0.2,,,,SHO-16-1550A,56.4,S,7.8,7.4
2016-10-12,West Coast Natural Resource Region,ISLAND TIMBERLANDS GP LTD.,65 FRONT STREET,4TH FLOOR,,NANAIMO,BC,V9R5H9,Laura Tanaka,2507553515,F,8057407,HE / Sawlog,Harvested Timber,Port Alberni c/o Pacific Towing 250-723-5602,197.1,3.3,,,,ITF16-263-004,197.1,O,7.5,35.6
2016-10-12,West Coast Natural Resource Region,TIMBERWEST FOREST COMPANY,9370 SOUTH SHORE ROAD,PO BOX 375,,MESACHIE LAKE,BC,V0R2N0,MEL MCMINN,,F,8056612,FI / Chip and Saw,Harvested Timber,ROCKY POINT,237.8,0.3,,,,LSM-16-1648B,237.8,S,11.5,7.9
2016-10-12,West Coast Natural Resource Region,TIMBERWEST FOREST COMPANY,9370 SOUTH SHORE ROAD,PO BOX 375,,MESACHIE LAKE,BC,V0R2N0,MEL MCMINN,,F,8056676,FI / Sawlog,Harvested Timber,ROCKY POINT,951.9,1.6,,,,LSM-16-1647,951.9,S,10.3,19.1
2016-10-12,West Coast Natural Resource Region,TIMBERWEST FOREST COMPANY,9370 SOUTH SHORE ROAD,PO BOX 375,,MESACHIE LAKE,BC,V0R2N0,MEL MCMINN,,F,8056685,FI / Chip and Saw,Harvested Timber,ROCKY POINT,1230.3,0.2,,,,SHO-16-1550B,1230.3,S,7.3,7.3
2016-10-12,West Coast Natural Resource Region,TIMBERWEST FOREST COMPANY,9370 SOUTH SHORE ROAD,PO BOX 375,,MESACHIE LAKE,BC,V0R2N0,MEL MCMINN,,F,8056694,FI / Sawlog,Harvested Timber,ROCKY POINT,901,1.8,,,,LSM-16-1654,901,S,11.1,19.5
2016-10-12,West Coast Natural Resource Region,TIMBERWEST FOREST COMPANY,9370 SOUTH SHORE ROAD,PO BOX 375,,MESACHIE LAKE,BC,V0R2N0,MEL MCMINN,,F,8056701,FI / Sawlog,Harvested Timber,ROCKY POINT,931.3,2.1,,,,TWU-16-1087,931.3,S,10.8,21.2
2016-10-12,West Coast Natural Resource Region,ISLAND TIMBERLANDS GP LTD.,65 FRONT STREET,4TH FLOOR,,NANAIMO,BC,V9R5H9,Laura Tanaka,2507553515,F,8057354,AL / Sawlog,Harvested Timber,In transit to Gabriola c/o Jones Marine,387.7,0.7,,,,ITB16-804-021,387.7,S,10.4,12.3
2016-10-12,West Coast Natural Resource Region,ISLAND TIMBERLANDS GP LTD.,65 FRONT STREET,4TH FLOOR,,NANAIMO,BC,V9R5H9,Laura Tanaka,2507553515,F,8057363,BA / Gang,Harvested Timber,Port Alberni c/o Pacific Towing 250-723-5602,245.5,1,,,,ITF16-326-004,245.5,O,12.5,13.4
2016-10-12,West Coast Natural Resource Region,ISLAND TIMBERLANDS GP LTD.,65 FRONT STREET,4TH FLOOR,,NANAIMO,BC,V9R5H9,Laura Tanaka,2507553515,F,8057372,BA / Sawlog,Harvested Timber,Port Alberni c/o Pacific Towing 250-723-5602,377.5,2,,,,ITF16-324-005,377.5,O,11.6,20.2
2016-10-12,West Coast Natural Resource Region,ISLAND TIMBERLANDS GP LTD.,65 FRONT STREET,4TH FLOOR,,NANAIMO,BC,V9R5H9,Laura Tanaka,2507553515,F,8057381,BA / Sawlog,Harvested Timber,Port Alberni c/o Pacific Towing 250-723-5602,72.7,3.3,,,,ITF16-322-003,72.7,O,11.7,26.9
2016-10-12,West Coast Natural Resource Region,ISLAND TIMBERLANDS GP LTD.,65 FRONT STREET,4TH FLOOR,,NANAIMO,BC,V9R5H9,Laura Tanaka,2507553515,F,8057390,BA / Sawlog,Harvested Timber,Port Alberni c/o Pacific Towing 250-723-5602,412,1.9,,,,ITF16-305-005,412,O,12,18.8
2016-10-12,West Coast Natural Resource Region,ISLAND TIMBERLANDS GP LTD.,65 FRONT STREET,4TH FLOOR,,NANAIMO,BC,V9R5H9,Laura Tanaka,2507553515,F,8057648,BA / HE / Chip and Saw,Harvested Timber,In trans toFraserRiver via JonesMarinethen c/o Hodder,414.4,0.4,,,,ITB16-238W-012,414.4,S,11.3,9
2016-10-12,South Coast Natural Resource Region,CANADIAN OVERSEAS LOG & LUMBER LTD.,SUITE 1101 -  409 GRANVILLE ST,,,VANCOUVER,BC,V6C2S6,Roxanne Kotobi,6046820425,F,8057915,FI / Sawlog,Harvested Timber,Fraser River c/o Catherwood Towing 604-462-9221Fraser,212.5,1.7,,,,NCOS 16-168B,212.5,S,9.7,21.2
2016-10-12,West Coast Natural Resource Region,ISLAND TIMBERLANDS GP LTD.,65 FRONT STREET,4TH FLOOR,,NANAIMO,BC,V9R5H9,Laura Tanaka,2507553515,F,8057416,BA / HE / Sawlog,Harvested Timber,Port Alberni c/o Pacific Towing 250-723-5602,750.9,1.7,,,,ITF16-205-004,750.9,O,11.6,18.6
2016-10-12,West Coast Natural Resource Region,ISLAND TIMBERLANDS GP LTD.,65 FRONT STREET,4TH FLOOR,,NANAIMO,BC,V9R5H9,Laura Tanaka,2507553515,F,8057425,FI / Peeler,Harvested Timber,Port Alberni c/o Pacific Towing 250-723-5602,504.3,0.7,,,,ITF16-154-008,504.3,S,10.6,12.2
2016-10-12,West Coast Natural Resource Region,ISLAND TIMBERLANDS GP LTD.,65 FRONT STREET,4TH FLOOR,,NANAIMO,BC,V9R5H9,Laura Tanaka,2507553515,F,8057434,BA / HE / Chip and Saw,Harvested Timber,Gabriola,726.2,0.3,,,,ITC16-258W-010,726.2,S,10.2,7.5
2016-10-12,West Coast Natural Resource Region,ISLAND TIMBERLANDS GP LTD.,65 FRONT STREET,4TH FLOOR,,NANAIMO,BC,V9R5H9,Laura Tanaka,2507553515,F,8057443,FI / Peeler,Harvested Timber,In trans toFraserRiver via JonesMarinethen c/o Hodder,2374.4,0.7,,,,ITC16-128W-002,2374.4,S,11.1,10.6
2016-10-12,West Coast Natural Resource Region,ISLAND TIMBERLANDS GP LTD.,65 FRONT STREET,4TH FLOOR,,NANAIMO,BC,V9R5H9,Laura Tanaka,2507553515,F,8057452,MA / Sawlog,Harvested Timber,In transit to Gabriola c/o Jones Marine,45.1,1,,,,ITB16-945-021,45.1,S,9.1,16
2016-10-12,West Coast Natural Resource Region,ISLAND TIMBERLANDS GP LTD.,65 FRONT STREET,4TH FLOOR,,NANAIMO,BC,V9R5H9,Laura Tanaka,2507553515,F,8057568,FI / Sawlog,Harvested Timber,on deck ISLANDLTERMINALS DRYLAND SORT,339,1.9,,,,ITN16-103-009,339,S,12.3,19.4
2016-10-12,West Coast Natural Resource Region,ISLAND TIMBERLANDS GP LTD.,65 FRONT STREET,4TH FLOOR,,NANAIMO,BC,V9R5H9,Laura Tanaka,2507553515,F,8057577,FI / Peeler,Harvested Timber,on deck ISLANDLTERMINALS DRYLAND SORT,211.7,1,,,,ITN16-157-005,211.7,S,12.1,13.6
2016-10-12,West Coast Natural Resource Region,ISLAND TIMBERLANDS GP LTD.,65 FRONT STREET,4TH FLOOR,,NANAIMO,BC,V9R5H9,Laura Tanaka,2507553515,F,8057595,FI / Peeler,Harvested Timber,On Deck at Island Terminals,481.2,0.9,,,,ITN16-107-015,481.2,S,12.2,13.4
2016-10-12,West Coast Natural Resource Region,ISLAND TIMBERLANDS GP LTD.,65 FRONT STREET,4TH FLOOR,,NANAIMO,BC,V9R5H9,Laura Tanaka,2507553515,F,8057602,FI / Sawlog,Harvested Timber,on deck ISLANDLTERMINALS DRYLAND SORT,383.1,1.5,,,,ITN16-105-012,383.1,S,12,17.6
2016-10-12,West Coast Natural Resource Region,ISLAND TIMBERLANDS GP LTD.,65 FRONT STREET,4TH FLOOR,,NANAIMO,BC,V9R5H9,Laura Tanaka,2507553515,F,8057611,FI / Sawlog,Harvested Timber,on deck ISLANDLTERMINALS DRYLAND SORT,543.7,1.5,,,,ITN16-104-012,543.7,S,12,17.5
2016-10-12,South Coast Natural Resource Region,CANADIAN OVERSEAS LOG & LUMBER LTD.,SUITE 1101 -  409 GRANVILLE ST,,,VANCOUVER,BC,V6C2S6,Roxanne Kotobi,6046820425,F,8057924,HE / Sawlog,Harvested Timber,Fraser River c/o Catherwood Towing 604-462-9221Fraser,341.4,1.7,,,,NCOS 16-183,341.4,S,9.9,20.3
2016-10-12,West Coast Natural Resource Region,TIMBERWEST FOREST COMPANY,9370 SOUTH SHORE ROAD,PO BOX 375,,MESACHIE LAKE,BC,V0R2N0,MEL MCMINN,,F,8057951,BA / HE / Chip and Saw,Harvested Timber,ROCKY POINT,1108.6,1.6,,,,SHO-16-1562A,1108.6,S,11.9,17.8
2016-10-12,West Coast Natural Resource Region,ISLAND TIMBERLANDS GP LTD.,65 FRONT STREET,4TH FLOOR,,NANAIMO,BC,V9R5H9,Laura Tanaka,2507553515,F,8055819,FI / Peeler,Harvested Timber,PORT ALBERNI C/O PACIFIC TOWING 250-723-5602,1091.1,0.9,,,,ITF16-107-027-R,1091.1,S,12.2,13.5
2016-10-12,West Coast Natural Resource Region,ISLAND TIMBERLANDS GP LTD.,65 FRONT STREET,4TH FLOOR,,NANAIMO,BC,V9R5H9,Laura Tanaka,2507553515,F,8055962,BA / HE / Sawlog,Harvested Timber,"In trans to Gabriola via Gowlland, then c/o Jones Marine",155.1,1.7,,,,ITS16-264-008,155.1,O,9.1,21.4
2016-10-12,West Coast Natural Resource Region,ISLAND TIMBERLANDS GP LTD.,65 FRONT STREET,4TH FLOOR,,NANAIMO,BC,V9R5H9,Laura Tanaka,2507553515,F,8057586,FI / Sawlog,Harvested Timber,On Deck at Island Terminals,439.9,2.8,,,,ITN16-131-001,439.9,S,12.1,24.2
2016-10-12,West Coast Natural Resource Region,TIMBERWEST FOREST COMPANY,9370 SOUTH SHORE ROAD,PO BOX 375,,MESACHIE LAKE,BC,V0R2N0,MEL MCMINN,,F,8057988,FI / Sawlog,Harvested Timber,FRASER RIVER,51.4,2.3,,,,TWP15  1035C,51.4,O,11.6,22
2016-10-12,West Coast Natural Resource Region,TIMBERWEST FOREST COMPANY,9370 SOUTH SHORE ROAD,PO BOX 375,,MESACHIE LAKE,BC,V0R2N0,MEL MCMINN,,F,8057997,FI / Sawlog,Harvested Timber,FRASER RIVER,71.6,2.6,,,,TWP15  1035D,71.6,O,11.7,23
2016-10-12,West Coast Natural Resource Region,TIMBERWEST FOREST COMPANY,9370 SOUTH SHORE ROAD,PO BOX 375,,MESACHIE LAKE,BC,V0R2N0,MEL MCMINN,,F,8057960,BA / HE / Chip and Saw,Harvested Timber,SHOAL ISLAND,429.2,0.3,,,,ORO-16-3492,429.2,S,10,7.9
2016-10-12,West Coast Natural Resource Region,WESTERN FOREST PRODUCTS INC.,201 495 DUNSMUIR STREET,,,NANAIMO,BC,V9R6B9,WFP EXPORT TEAM WFP,2507344700,P,173912,BA / HE / Gang,Harvested Timber,ALBERNI CANAL C/O ABSEA TOWING,502.4,0.8,,,,KS207-16-007,502.4,O,10.9,12.5
2016-10-12,West Coast Natural Resource Region,WESTERN FOREST PRODUCTS INC.,201 495 DUNSMUIR STREET,,,NANAIMO,BC,V9R6B9,WFP EXPORT TEAM WFP,2507344700,P,173913,BA / HE / Sawlog,Harvested Timber,LYONS BAY/QUATSINO SOUND,732.3,1.3,,,,QD205-16-023,732.3,O,11.3,17
2016-10-12,West Coast Natural Resource Region,WESTERN FOREST PRODUCTS INC.,201 495 DUNSMUIR STREET,,,NANAIMO,BC,V9R6B9,WFP EXPORT TEAM WFP,2507344700,P,173914,BA / HE / Sawlog,Harvested Timber,LYONS BAY/QUATSINO SOUND,701.6,1.3,,,,QD206-16-067,701.6,O,11,17.4
2016-10-12,West Coast Natural Resource Region,WESTERN FOREST PRODUCTS INC.,201 495 DUNSMUIR STREET,,,NANAIMO,BC,V9R6B9,WFP EXPORT TEAM WFP,2507344700,P,173915,BA / HE / Gang,Harvested Timber,LYONS BAY/QUATSINO SOUND,649.6,0.8,,,,QD207-16-111,649.6,O,10.8,12.9
2016-10-12,West Coast Natural Resource Region,WESTERN FOREST PRODUCTS INC.,201 495 DUNSMUIR STREET,,,NANAIMO,BC,V9R6B9,WFP EXPORT TEAM WFP,2507344700,P,173916,BA / HE / Gang,Harvested Timber,LYONS BAY/QUATSINO SOUND,669.5,0.9,,,,QD207-16-112,669.5,O,11.5,13.2
2016-10-12,West Coast Natural Resource Region,WESTERN FOREST PRODUCTS INC.,201 495 DUNSMUIR STREET,,,NANAIMO,BC,V9R6B9,WFP EXPORT TEAM WFP,2507344700,P,173917,BA / HE / Gang,Harvested Timber,LYONS BAY/QUATSINO SOUND,646.4,0.8,,,,QD207-16-113,646.4,O,11.1,13.2
2016-10-12,West Coast Natural Resource Region,WESTERN FOREST PRODUCTS INC.,201 495 DUNSMUIR STREET,,,NANAIMO,BC,V9R6B9,WFP EXPORT TEAM WFP,2507344700,P,173918,HE / Gang,Harvested Timber,LYONS BAY/QUATSINO SOUND,374.3,0.8,,,,QD208-16-025,374.3,O,11.3,12.7
2016-10-12,West Coast Natural Resource Region,WESTERN FOREST PRODUCTS INC.,201 495 DUNSMUIR STREET,,,NANAIMO,BC,V9R6B9,WFP EXPORT TEAM WFP,2507344700,P,173919,BA / High Grade,Harvested Timber,LYONS BAY/QUATSINO SOUND,377.7,4.5,,,,QD321-16-007,377.7,O,11.9,31.8
2016-10-12,West Coast Natural Resource Region,WESTERN FOREST PRODUCTS INC.,201 495 DUNSMUIR STREET,,,NANAIMO,BC,V9R6B9,WFP EXPORT TEAM WFP,2507344700,P,173920,BA / HE / Sawlog,Harvested Timber,ALBERNI CANAL C/O ABSEA TOWING,1168.8,1.5,,,,SR206-16-015,1168.8,O,11.1,18
2016-10-12,West Coast Natural Resource Region,WESTERN FOREST PRODUCTS INC.,201 495 DUNSMUIR STREET,,,NANAIMO,BC,V9R6B9,WFP EXPORT TEAM WFP,2507344700,P,173924,BA / HE / Gang,Harvested Timber,ALBERNI CANAL C/O ABSEA TOWING,1222.2,0.8,,,,SR207-16-010,1222.2,O,10.7,12.6
2016-10-12,West Coast Natural Resource Region,A & A TRADING LTD.,1210 1111 MELVILLE ST,,,VANCOUVER,BC,V6E3V6,Sean Rostamian,6046842107,P,173995,HE / Gang,Harvested Timber,Gold River,770,0.6,,,,AAKA-16-35,770,O,10.9,10.3
2016-10-12,West Coast Natural Resource Region,A & A TRADING LTD.,1210 1111 MELVILLE ST,,,VANCOUVER,BC,V6E3V6,Sean Rostamian,6046842107,P,173996,SP / Gang,Harvested Timber,Gold River,705.5,0.8,,,,AAKA-16-36,705.5,O,10.8,11.8
2016-10-12,West Coast Natural Resource Region,A & A TRADING LTD.,1210 1111 MELVILLE ST,,,VANCOUVER,BC,V6E3V6,Sean Rostamian,6046842107,P,173997,BA / High Grade,Harvested Timber,Gold River,745.8,3.1,,,,AAKA-16-37,745.8,O,10.7,27.8
2016-10-12,West Coast Natural Resource Region,A & A TRADING LTD.,1210 1111 MELVILLE ST,,,VANCOUVER,BC,V6E3V6,Sean Rostamian,6046842107,P,173998,FI / Gang,Harvested Timber,Gold River,767.7,0.7,,,,AAKA-16-38,767.7,O,11.1,10.3
2016-10-12,West Coast Natural Resource Region,A & A TRADING LTD.,1210 1111 MELVILLE ST,,,VANCOUVER,BC,V6E3V6,Sean Rostamian,6046842107,P,173999,BA / HE / Gang,Harvested Timber,Gold River,1178.7,0.7,,,,AAKA-16-39,1178.7,O,11.1,11.2
2016-10-12,West Coast Natural Resource Region,A & A TRADING LTD.,1210 1111 MELVILLE ST,,,VANCOUVER,BC,V6E3V6,Sean Rostamian,6046842107,P,174000,BA / HE / Sawlog,Harvested Timber,Gold River,1082.4,1.8,,,,AAKA-16-40,1082.4,O,10.5,19.7
2016-10-12,Skeena Natural Resource Region,HAISLA RESOURCES LIMITED PARTNERSHIP,HAISLA PO BOX 1008,,KITAMAAT VILLAGE,KITIMAT,BC,V0T2B0,No contacts on file for this location,2506399361,P,174042,BA / LO / SP / Sawlog,Harvested Timber,Clio Bay,168.7,1,ALCAN ALASKA TIMBER CORPORATION,2506353383,Ryan Monsen,,,O,,
2016-10-12,Skeena Natural Resource Region,HAISLA RESOURCES LIMITED PARTNERSHIP,HAISLA PO BOX 1008,,KITAMAAT VILLAGE,KITIMAT,BC,V0T2B0,No contacts on file for this location,2506399361,P,174040,BA / HE / Sawlog,Harvested Timber,Clio Bay,2731.4,1,ALCAN ALASKA TIMBER CORPORATION,2506353383,Ryan Monsen,,,O,,
2016-10-12,Thompson-Okanagan Natural Resource Region,WEYERHAEUSER COMPANY LIMITED,BOX 7739,,,DRAYTON VALLEY,AB,T7A1S8,No contacts on file for this location,7805428074,P,173910,BA / SP / Oversize Sawlog,Harvested Timber,North of Princeton ,500,1,K-PAC FIBRE LTD.,6046189225,JOHN MACDONALD,,,O,,
2016-10-12,Skeena Natural Resource Region,HAISLA RESOURCES LIMITED PARTNERSHIP,HAISLA PO BOX 1008,,KITAMAAT VILLAGE,KITIMAT,BC,V0T2B0,No contacts on file for this location,2506399361,P,174043,BA / LO / SP / Pulp,Harvested Timber,Clio Bay,4,1,ALCAN ALASKA TIMBER CORPORATION,2506353383,Ryan Monsen,,,O,,
2016-10-12,Kootenay-Boundary Natural Resource Region,BLACKMORE,8721 YAHK SETTLEMENT ROAD,,,YAHK,BC,V0B2P0,Dallas Garcia Loggoneservice@outlook.com,,P,173937,LO / SP / Sawlog,Harvested Timber,BCTS 92786 Lost Dog,5000,0.2,ROCKY PINE CONTRACTING LTD.,2504173690,Dallas Garcia Loggoneservice@outlook.com,,,S,,
2016-10-12,Skeena Natural Resource Region,YAORUN WOOD CO. LTD.,P.O. BOX 148,4032 12TH AVENUE,,NEW HAZELTON,BC,V0J2J0,No contacts on file for this location,2508420080,P,173922,BA / HE / Sawlog,Harvested Timber,NANGEESE BLK 1 A78653,2000,1,,,,,,S,,
2016-10-12,Skeena Natural Resource Region,YAORUN WOOD CO. LTD.,P.O. BOX 148,4032 12TH AVENUE,,NEW HAZELTON,BC,V0J2J0,No contacts on file for this location,2508420080,P,173923,BA / HE / Pulp,Harvested Timber,NANGEESE BLK 1 A78653,500,1,,,,,,O,,
2016-10-12,Thompson-Okanagan Natural Resource Region,WEYERHAEUSER COMPANY LIMITED,BC COASTAL GROUP,65 FRONT STREET,,NANAIMO,BC,V9R5H9,No contacts on file for this location,2507553500,P,173925,BA / LO / SP / Pulp,Harvested Timber,Chilliwack,4000,1,WESTERN COAST RESOURCES INC.,6043705315,Shiho Nakayama,,,O,,
2016-10-12,Skeena Natural Resource Region,HAISLA RESOURCES LIMITED PARTNERSHIP,HAISLA PO BOX 1008,,KITAMAAT VILLAGE,KITIMAT,BC,V0T2B0,No contacts on file for this location,2506399361,P,174041,BA / HE / Pulp,Harvested Timber,Clio Bay,173,1,ALCAN ALASKA TIMBER CORPORATION,2506353383,Ryan Monsen,,,O,,
